A001|Walter White|wwhite@library.com|admin123|admin|true
A002|Gustavo Fring|gfring@library.com|admin456|admin|true
A003|Saul Goodman|sgoodman@library.com|admin789|admin|true
L001|Jesse Pinkman|jpinkman@library.com|lib123|librarian|true
L002|Skyler White|swhite@library.com|lib456|librarian|true
L003|Hank Schrader|hschrader@library.com|lib789|librarian|true
L004|Mike Ehrmantraut|mehrmantraut@library.com|lib012|librarian|true
L005|Marie Schrader|mschrader@library.com|lib345|librarian|true
U001|Walter White Jr.|wwhitejr@email.com|pass123|registered|true
U002|Holly White|hwhite@email.com|pass456|registered|true
U003|Tuco Salamanca|tsalamanca@email.com|pass789|registered|true
U004|Hector Salamanca|hsalamanca@email.com|pass012|registered|true
U005|Jane Margolis|jmargolis@email.com|pass345|registered|true
U006|Gale Boetticher|gboetticher@email.com|pass678|registered|true
U007|Ted Beneke|tbeneke@email.com|pass901|registered|true
U008|Lydia Rodarte-Quayle|lrodarte@email.com|pass234|registered|true
U009|Todd Alquist|talquist@email.com|pass567|registered|true
U010|Andrea Cantillo|acantillo@email.com|pass890|registered|true
U011|Brock Cantillo|bcantillo@email.com|pass1234|registered|true
U012|Donald Margolis|dmargolis@email.com|pass5678|registered|true
